language,seconds,seed,ecapa_eer.ref,ecapa_eer.src,ecapa_speaker_similarity.ref.gen_vs_ref_mean,ecapa_speaker_similarity.ref.gt_pair_mean,ecapa_speaker_similarity.src.gen_vs_src_mean,ecapa_speaker_similarity.src.gt_pair_mean,redimnet_eer.ref,redimnet_eer.src,redimnet_speaker_similarity.ref.gen_vs_ref_mean,redimnet_speaker_similarity.ref.gt_pair_mean,redimnet_speaker_similarity.src.gen_vs_src_mean,redimnet_speaker_similarity.src.gt_pair_mean,dns_mos.gt_mean,dns_mos.gen_mean,wer.source_mean,wer.converted_mean,cer.source_mean,cer.converted_mean,num_items
spanish,10,37,0.18000000000000002,0.02000000000000001,0.7003402709960938,0.8028477430343628,0.2035568654537201,0.7977356910705566,0.09999999999999999,0.0,0.6622118949890137,0.8305468559265137,0.19630035758018494,0.8231347799301147,3.9232230186462402,3.9914212226867676,0.03813329339027405,0.03909750655293465,0.01385180838406086,0.011913364753127098,50
spanish,60,37,0.07000000000000003,0.0,0.5395443439483643,0.8272318840026855,0.1441633105278015,0.7825908660888672,0.03000000000000001,0.0,0.4700878858566284,0.8513281345367432,0.11953899264335632,0.8117969036102295,3.9425690174102783,3.1197495460510254,0.040119584649801254,0.09366972744464874,0.021493559703230858,0.045744918286800385,50
spanish,30,73,0.24,0.0,0.7131597399711609,0.7897026538848877,0.18595612049102783,0.8091302514076233,0.15000000000000002,0.0,0.6809863448143005,0.8247753977775574,0.17786133289337158,0.8338574171066284,3.8937501907348633,3.8958261013031006,0.04447365179657936,0.056770507246255875,0.013534246943891048,0.018002605065703392,50
spanish,30,42,0.31000000000000005,0.0,0.712240993976593,0.7996131777763367,0.18974541127681732,0.7950117588043213,0.14,0.0,0.6801464557647705,0.839892566204071,0.17319275438785553,0.8298925757408142,3.9616146087646484,3.9034247398376465,0.035668667405843735,0.0555541031062603,0.013141274452209473,0.02119632437825203,50
spanish,3,42,0.07000000000000003,0.0,0.5895393490791321,0.8251497745513916,0.2053050547838211,0.8086740970611572,0.03000000000000001,0.0,0.5425183176994324,0.8531054854393005,0.21291138231754303,0.8414551019668579,3.927280902862549,3.9912614822387695,0.06704728305339813,0.05678100883960724,0.03653605282306671,0.02157096192240715,50
spanish,3,73,0.09,0.0,0.5678041577339172,0.7979880571365356,0.21618951857089996,0.8003492951393127,0.010000000000000009,0.0,0.5252099633216858,0.8223046660423279,0.22751815617084503,0.8369531035423279,3.9737987518310547,3.9682693481445312,0.04737012833356857,0.051514461636543274,0.02340308390557766,0.019355861470103264,50
spanish,3,37,0.16,0.02000000000000001,0.5949087738990784,0.7980820536613464,0.2135668396949768,0.7911054491996765,0.07000000000000003,0.0,0.5440771579742432,0.826855480670929,0.21083922684192657,0.8188086152076721,3.8855810165405273,3.9850430488586426,0.04375164583325386,0.055277127772569656,0.017370039597153664,0.0181236881762743,50
spanish,30,37,0.28,0.0,0.7266873121261597,0.8238928914070129,0.21368440985679626,0.8034746050834656,0.14,0.0,0.6905419826507568,0.8467480540275574,0.19771453738212585,0.8269140720367432,3.935983657836914,3.9438600540161133,0.041066113859415054,0.05106078460812569,0.017926514148712158,0.018042899668216705,50
spanish,60,42,0.059999999999999984,0.0,0.5374827980995178,0.7948169112205505,0.1428515613079071,0.8083229660987854,0.020000000000000018,0.0,0.48155272006988525,0.8276953101158142,0.11484558135271072,0.837695300579071,3.9330849647521973,3.036522626876831,0.048336755484342575,0.10882905125617981,0.018133996054530144,0.039388056844472885,50
spanish,60,73,0.060000000000000026,0.0,0.5576212406158447,0.8046207427978516,0.160755455493927,0.7864834666252136,0.02000000000000001,0.0,0.46556150913238525,0.8359765410423279,0.12724563479423523,0.824414074420929,3.8902511596679688,3.1010608673095703,0.10261213034391403,0.0902499258518219,0.07099456340074539,0.039218608289957047,50
spanish,10,73,0.21999999999999997,0.010000000000000009,0.689571738243103,0.8000602722167969,0.15354421734809875,0.7878650426864624,0.1,0.03000000000000001,0.6648730635643005,0.8369433879852295,0.1628500372171402,0.8141259551048279,3.967041015625,3.9466922283172607,0.045496366918087006,0.05036042258143425,0.0220346599817276,0.02197810634970665,50
spanish,10,42,0.19999999999999998,0.0,0.6648412346839905,0.7929798364639282,0.1585683673620224,0.8015199303627014,0.19000000000000003,0.0,0.6297851800918579,0.8064355254173279,0.17324699461460114,0.8302832245826721,3.8838229179382324,3.932374954223633,0.04374779388308525,0.049155596643686295,0.024152766913175583,0.023160500451922417,50
french,10,37,0.28,0.03000000000000001,0.70795738697052,0.7687429785728455,0.1720557063817978,0.7892927527427673,0.27,0.010000000000000009,0.6715624928474426,0.7893945574760437,0.21229705214500427,0.7939794659614563,3.935981512069702,3.911639928817749,0.04930059611797333,0.06517580896615982,0.029266102239489555,0.030045831575989723,50
french,60,37,0.09,0.0,0.6078895926475525,0.7951023578643799,0.12697745859622955,0.7681415677070618,0.060000000000000026,0.0,0.5032617449760437,0.8095507621765137,0.1237899586558342,0.7908691167831421,3.8645734786987305,3.0643138885498047,0.053251247853040695,0.11282242834568024,0.02712281234562397,0.05750434473156929,50
french,30,73,0.30000000000000004,0.0,0.7258144617080688,0.7769882678985596,0.15082180500030518,0.7872219681739807,0.28,0.0,0.6931054592132568,0.7966406345367432,0.1833990514278412,0.7989941239356995,3.8949756622314453,3.922039747238159,0.05872043967247009,0.08973083645105362,0.02784285694360733,0.03856395184993744,50
french,30,42,0.38,0.0,0.7440568804740906,0.7892875075340271,0.1711493730545044,0.7843655943870544,0.21999999999999997,0.0,0.7057909965515137,0.8129589557647705,0.19551697373390198,0.8062402606010437,3.8882458209991455,3.888406276702881,0.08220622688531876,0.09292393922805786,0.055548567324876785,0.052886828780174255,50
french,3,42,0.17000000000000004,0.02000000000000001,0.5677810311317444,0.7667010426521301,0.1925508677959442,0.7677513360977173,0.05000000000000003,0.0,0.5404858589172363,0.788525402545929,0.2319018542766571,0.7796435356140137,3.895684003829956,3.952526807785034,0.06556818634271622,0.09558762609958649,0.03940387815237045,0.0469684973359108,50
french,3,73,0.16,0.0,0.600088357925415,0.7786474823951721,0.16100428998470306,0.7706384062767029,0.07000000000000003,0.0,0.5484716892242432,0.8025048971176147,0.22258728742599487,0.7995019555091858,3.8503262996673584,3.935068368911743,0.06410886347293854,0.07564309239387512,0.03216935321688652,0.03037901222705841,50
french,3,37,0.14,0.0,0.5903850793838501,0.7848407030105591,0.2075677514076233,0.7766557931900024,0.060000000000000026,0.0,0.543408215045929,0.8063281178474426,0.24668823182582855,0.7918164134025574,3.948930263519287,3.922647476196289,0.08653001487255096,0.09383411705493927,0.0564524382352829,0.04405020549893379,50
french,30,37,0.35,0.0,0.72210693359375,0.7641021013259888,0.15244247019290924,0.7896338701248169,0.29000000000000004,0.0,0.6894140839576721,0.7837207317352295,0.16408812999725342,0.8041601777076721,3.905749797821045,3.9284820556640625,0.21202832460403442,0.10506807267665863,0.14070697128772736,0.06453751027584076,50
french,60,42,0.13,0.0,0.5917055010795593,0.7991247773170471,0.14905279874801636,0.7925968766212463,0.03000000000000002,0.0,0.48820799589157104,0.8203222751617432,0.13102450966835022,0.7966113090515137,3.9328725337982178,3.0419836044311523,0.12936672568321228,0.10858127474784851,0.08751849830150604,0.057604726403951645,50
french,60,73,0.15000000000000002,0.0,0.5857702493667603,0.768106997013092,0.1514788568019867,0.7776093482971191,0.06999999999999998,0.0,0.4874511659145355,0.7820214629173279,0.12783044576644897,0.7918359637260437,3.8845458030700684,3.046006441116333,0.05931535363197327,0.1493406593799591,0.028598768636584282,0.10562346130609512,50
french,10,73,0.20999999999999996,0.02000000000000001,0.6732577681541443,0.7764308452606201,0.16719549894332886,0.767540693283081,0.22,0.0,0.6456982493400574,0.7923339605331421,0.19817687571048737,0.7854785323143005,3.898853063583374,3.9219043254852295,0.05984196066856384,0.08514915406703949,0.04133502393960953,0.04493546485900879,50
french,10,42,0.31999999999999995,0.0,0.6929508447647095,0.7773451805114746,0.15158362686634064,0.7699772715568542,0.16000000000000003,0.0,0.6639648675918579,0.8000878691673279,0.2022985816001892,0.7887793183326721,3.9186365604400635,3.923377275466919,0.08049952238798141,0.08646410703659058,0.05995837226510048,0.05056236311793327,50
polish,10,37,0.28,0.0,0.713337242603302,0.7915424108505249,0.19699782133102417,0.8032162189483643,0.13,0.0,0.6796777248382568,0.817578136920929,0.21231018006801605,0.8221484422683716,3.861079454421997,3.92598295211792,0.0477144755423069,0.06998758763074875,0.015865370631217957,0.015170450322329998,50
polish,60,37,0.01,0.0,0.5639926791191101,0.7892171740531921,0.13674527406692505,0.7991330623626709,0.03000000000000001,0.0,0.49759766459465027,0.8012793064117432,0.11613506078720093,0.8211328387260437,3.9249837398529053,3.034172773361206,0.05031406506896019,0.16383172571659088,0.013595562428236008,0.04987413063645363,50
polish,30,73,0.36,0.0,0.7436385154724121,0.7779695391654968,0.18416520953178406,0.7819358706474304,0.19999999999999998,0.0,0.7022998332977295,0.803955078125,0.18064697086811066,0.8012304902076721,3.890448808670044,3.8954813480377197,0.057503748685121536,0.06614495813846588,0.02646649442613125,0.02373531088232994,50
polish,30,42,0.37,0.0,0.7450416684150696,0.7862288951873779,0.18689516186714172,0.7934719920158386,0.18000000000000002,0.0,0.703320324420929,0.8060351610183716,0.18185974657535553,0.8253027200698853,3.8795101642608643,3.901339530944824,0.06384880095720291,0.0698612630367279,0.04286831244826317,0.021221978589892387,50
polish,3,42,0.11,0.0,0.6493326425552368,0.7986480593681335,0.20568375289440155,0.7930924296379089,0.09,0.0,0.6047314405441284,0.8171582221984863,0.22339843213558197,0.8125683665275574,3.866708278656006,3.943103313446045,0.046763841062784195,0.06481791287660599,0.01726377010345459,0.017940174788236618,50
polish,3,73,0.19999999999999998,0.0,0.6479899883270264,0.7907382845878601,0.21609149873256683,0.8060712218284607,0.07999999999999999,0.0,0.6067187786102295,0.8051953315734863,0.20771239697933197,0.8220800757408142,3.9099652767181396,3.961271286010742,0.04850630834698677,0.05995282158255577,0.020514605566859245,0.013804886490106583,50
polish,3,37,0.17,0.0,0.644956111907959,0.8001531362533569,0.20702369511127472,0.8006171584129333,0.07999999999999999,0.0,0.5925390720367432,0.8177636861801147,0.2178930640220642,0.8199804425239563,3.9108498096466064,3.9649341106414795,0.046079374849796295,0.0812477320432663,0.011668676510453224,0.015699367970228195,50
polish,30,37,0.42000000000000004,0.0,0.7670053243637085,0.7930505275726318,0.19073837995529175,0.792488694190979,0.19999999999999998,0.0,0.7354785203933716,0.8186328411102295,0.19908753037452698,0.8043359518051147,3.876477003097534,3.9242780208587646,0.04354938492178917,0.055128466337919235,0.011164613999426365,0.013901088386774063,50
polish,60,42,0.02000000000000001,0.0,0.5387886166572571,0.8021743893623352,0.16802985966205597,0.7991364002227783,0.0,0.0,0.47314453125,0.824267566204071,0.12582656741142273,0.8212597370147705,3.861135959625244,3.0439155101776123,0.04432056099176407,0.1459932029247284,0.019523287191987038,0.04709053412079811,50
polish,60,73,0.02000000000000001,0.0,0.5527454614639282,0.7913393974304199,0.13053956627845764,0.7914657592773438,0.0,0.0,0.4731494188308716,0.8129296898841858,0.11215820163488388,0.8098730444908142,3.907527208328247,3.0665154457092285,0.04803233593702316,0.1706434190273285,0.011638007126748562,0.05776824802160263,50
polish,10,73,0.28,0.0,0.7178394198417664,0.7932037115097046,0.1848788857460022,0.8124328851699829,0.19000000000000003,0.0,0.6848534941673279,0.8140234351158142,0.20359496772289276,0.8200976848602295,3.8691093921661377,3.9210052490234375,0.05959993973374367,0.08781999349594116,0.012618687003850937,0.01738237589597702,50
polish,10,42,0.21,0.0,0.7193194627761841,0.7938376069068909,0.18964152038097382,0.7910159826278687,0.16000000000000003,0.0,0.6861035227775574,0.8086133003234863,0.21174682676792145,0.8119726777076721,3.887788772583008,3.9641637802124023,0.049422577023506165,0.06589704751968384,0.02117968164384365,0.014480866491794586,50
portuguese,10,37,0.25,0.0,0.687467634677887,0.7861211895942688,0.19582027196884155,0.7808758020401001,0.12,0.0,0.6562646627426147,0.833203136920929,0.18690383434295654,0.8255273699760437,3.723252058029175,3.830258846282959,0.06557614356279373,0.09891761094331741,0.018899081274867058,0.03242632746696472,50
portuguese,60,37,0.14,0.03000000000000001,0.5640202164649963,0.761070966720581,0.185601145029068,0.7873135209083557,0.04000000000000002,0.0,0.47758787870407104,0.8143066167831421,0.13363845646381378,0.822509765625,3.7725133895874023,3.018209218978882,0.11254438757896423,0.17930644750595093,0.05198420584201813,0.081892229616642,50
portuguese,30,73,0.22999999999999998,0.0,0.7059903144836426,0.8025376796722412,0.21373260021209717,0.8042259812355042,0.11,0.0,0.6889795064926147,0.8431347608566284,0.1727117896080017,0.8440722823143005,3.7916786670684814,3.8530168533325195,0.09715386480093002,0.08730553835630417,0.045706190168857574,0.031447697430849075,50
portuguese,30,42,0.32999999999999996,0.0,0.7167677879333496,0.7810248732566833,0.20832431316375732,0.7857086062431335,0.09999999999999999,0.0,0.6971094012260437,0.8281543254852295,0.1789666712284088,0.8201074004173279,3.745105266571045,3.7578766345977783,0.0793207585811615,0.11588406562805176,0.02789761871099472,0.03842620551586151,50
portuguese,3,42,0.07999999999999999,0.010000000000000009,0.5842688083648682,0.7948935627937317,0.2204408496618271,0.7753710746765137,0.04000000000000002,0.02000000000000001,0.5376513600349426,0.8332324028015137,0.20800720155239105,0.810302734375,3.792421817779541,3.8603734970092773,0.10173589736223221,0.07905326038599014,0.04245181009173393,0.024874219670891762,50
portuguese,3,73,0.09999999999999999,0.0,0.5876277089118958,0.7801989912986755,0.22868314385414124,0.7881191968917847,0.05000000000000003,0.0,0.5230810642242432,0.8165234327316284,0.19181594252586365,0.8297265768051147,3.791231632232666,3.8764431476593018,0.10367866605520248,0.10606817901134491,0.032431162893772125,0.03267796337604523,50
portuguese,3,37,0.05000000000000003,0.02000000000000001,0.5709814429283142,0.8032472729682922,0.20707111060619354,0.7665912508964539,0.09000000000000002,0.0,0.5243456959724426,0.8349316120147705,0.22261641919612885,0.8205859661102295,3.729217290878296,3.8593146800994873,0.08796992152929306,0.09908707439899445,0.02790283039212227,0.03471429646015167,50
portuguese,30,37,0.30999999999999994,0.0,0.6896754503250122,0.7679921984672546,0.21171213686466217,0.7892348766326904,0.14,0.0,0.6813720464706421,0.8130956888198853,0.17164123058319092,0.833740234375,3.7599687576293945,3.8325138092041016,0.08153954148292542,0.10436809808015823,0.029672982171177864,0.039294738322496414,50
portuguese,60,42,0.07999999999999999,0.0,0.5663651823997498,0.7732157111167908,0.18162673711776733,0.7892317175865173,0.010000000000000009,0.0,0.4959765672683716,0.8211132884025574,0.12693209946155548,0.8382031321525574,3.771974802017212,3.0608861446380615,0.06709206849336624,0.1604803502559662,0.021890629082918167,0.06965455412864685,50
portuguese,60,73,0.09999999999999999,0.0,0.575107216835022,0.7644157409667969,0.19513864815235138,0.7898415923118591,0.05000000000000002,0.0,0.49155762791633606,0.8151171803474426,0.15167023241519928,0.8296191692352295,3.726466178894043,3.076042413711548,0.07255923748016357,0.15546678006649017,0.02344636619091034,0.06345488876104355,50
portuguese,10,73,0.22999999999999998,0.010000000000000009,0.7008515000343323,0.7821058630943298,0.2272057682275772,0.7858461737632751,0.09999999999999999,0.0,0.6762402057647705,0.8271484375,0.1868826299905777,0.8274707198143005,3.788233757019043,3.841122627258301,0.07950955629348755,0.13099761307239532,0.02332877367734909,0.05439489334821701,50
portuguese,10,42,0.31000000000000005,0.0,0.6927980184555054,0.7964049577713013,0.20043402910232544,0.800026535987854,0.16000000000000003,0.0,0.660107433795929,0.8439062237739563,0.16640442609786987,0.8407226800918579,3.7336902618408203,3.8715579509735107,0.07431311160326004,0.07916427403688431,0.02755611576139927,0.031710729002952576,50
italian,10,37,0.32999999999999996,0.030000000000000027,0.6477751731872559,0.7311584949493408,0.16780930757522583,0.7484692931175232,0.26,0.09000000000000002,0.6207568645477295,0.7481033205986023,0.23758910596370697,0.7772302031517029,3.762702703475952,3.856682062149048,0.10374318808317184,0.1324484795331955,0.029450733214616776,0.03309505805373192,50
italian,60,37,0.09,0.030000000000000027,0.5733113288879395,0.7564147114753723,0.14940610527992249,0.752928614616394,0.10999999999999999,0.030000000000000027,0.4713159203529358,0.7833673357963562,0.16251727938652039,0.774340808391571,3.7716968059539795,2.9972293376922607,0.17597320675849915,0.28120267391204834,0.07876759767532349,0.0927080363035202,50
italian,30,73,0.45999999999999996,0.059999999999999984,0.6930756568908691,0.6960853338241577,0.1977800726890564,0.7372156381607056,0.38,0.03999999999999998,0.6697167754173279,0.7130364775657654,0.24358154833316803,0.7618448734283447,3.7858426570892334,3.7988171577453613,0.09714899212121964,0.14785583317279816,0.03187994658946991,0.04185155779123306,50
italian,30,42,0.36,0.020000000000000018,0.7067806720733643,0.7648100852966309,0.18817420303821564,0.7671633958816528,0.25,0.020000000000000018,0.6877148151397705,0.7965502738952637,0.23742187023162842,0.7818639874458313,3.7666187286376953,3.797532558441162,0.08206810057163239,0.10592235624790192,0.03436790406703949,0.03140829876065254,50
italian,3,42,0.26,0.05000000000000003,0.5743774175643921,0.7326218485832214,0.21583010256290436,0.7547670602798462,0.15000000000000002,0.030000000000000027,0.5530798435211182,0.7559155225753784,0.27821776270866394,0.7912853956222534,3.816426992416382,3.897955894470215,0.13159914314746857,0.148532897233963,0.04033098369836807,0.03671860322356224,50
italian,3,73,0.19999999999999998,0.010000000000000009,0.5721321105957031,0.7018817067146301,0.17832309007644653,0.7693123817443848,0.17000000000000004,0.010000000000000009,0.5563403367996216,0.7208424210548401,0.25630369782447815,0.8027245998382568,3.8500478267669678,3.8997738361358643,0.08174195140600204,0.12679128348827362,0.02638077177107334,0.03454060107469559,50
italian,3,37,0.09999999999999999,0.01,0.5719977021217346,0.8077037334442139,0.21841424703598022,0.8090842962265015,0.03000000000000002,0.0,0.5588281154632568,0.8407421708106995,0.28804564476013184,0.8297265768051147,3.8331923484802246,3.8967363834381104,0.12496654689311981,0.13417035341262817,0.03583215922117233,0.03535695746541023,50
italian,30,37,0.28,0.030000000000000027,0.7030038237571716,0.7810089588165283,0.16747364401817322,0.7648159265518188,0.22,0.060000000000000026,0.6826855540275574,0.807360827922821,0.24330931901931763,0.7754724025726318,3.8297154903411865,3.8129818439483643,0.09375641494989395,0.11677465587854385,0.03079942613840103,0.03267430514097214,50
italian,60,42,0.14,0.010000000000000009,0.5724555253982544,0.7806544303894043,0.1480506956577301,0.7914915680885315,0.11,0.0,0.48121094703674316,0.794970691204071,0.15279319882392883,0.821240246295929,3.804123640060425,2.9987270832061768,0.08576489239931107,0.2265186309814453,0.024854840710759163,0.07965221256017685,50
italian,60,73,0.06999999999999999,0.020000000000000018,0.5639004111289978,0.7946630120277405,0.15993919968605042,0.7622888684272766,0.08999999999999998,0.020000000000000018,0.47529783844947815,0.815264880657196,0.1676214635372162,0.7941073775291443,3.7564117908477783,3.005939245223999,0.14749552309513092,0.24312850832939148,0.06153426691889763,0.07912331819534302,50
italian,10,73,0.30999999999999994,0.04999999999999999,0.689310610294342,0.7711299657821655,0.21859747171401978,0.7028974294662476,0.09000000000000001,0.06999999999999999,0.6576367020606995,0.803009033203125,0.2670361399650574,0.7222249507904053,3.805079460144043,3.838731288909912,0.12068837136030197,0.1590202897787094,0.035652849823236465,0.038713425397872925,50
italian,10,42,0.32999999999999996,0.03000000000000001,0.6805179119110107,0.7601075768470764,0.19958673417568207,0.7973417043685913,0.18,0.010000000000000009,0.6687695384025574,0.7825564742088318,0.26545044779777527,0.8176293969154358,3.7934305667877197,3.7999892234802246,0.11487220972776413,0.14342497289180756,0.034459762275218964,0.042767878621816635,50
german,10,37,0.18000000000000002,0.05000000000000002,0.6570441722869873,0.7928186058998108,0.1835312843322754,0.7671551704406738,0.19999999999999998,0.02000000000000001,0.6449853777885437,0.8097558617591858,0.21427612006664276,0.788134753704071,3.7587685585021973,3.8706917762756348,0.09382129460573196,0.08360689878463745,0.06517967581748962,0.044549040496349335,50
german,60,37,0.09999999999999999,0.04000000000000002,0.5283324718475342,0.7832856774330139,0.1592915952205658,0.7664562463760376,0.04000000000000002,0.0,0.46384766697883606,0.8124902248382568,0.13952293992042542,0.7976025342941284,3.7959723472595215,3.0116775035858154,0.06191777065396309,0.1413947492837906,0.028942888602614403,0.06329619884490967,50
german,30,73,0.33999999999999997,0.0,0.7240279316902161,0.8036130666732788,0.2045331597328186,0.7697079181671143,0.19999999999999998,0.0,0.6992285251617432,0.8223339915275574,0.2107086181640625,0.7878711223602295,3.7655904293060303,3.798358201980591,0.11253146827220917,0.08149285614490509,0.07334959506988525,0.04047238454222679,50
german,30,42,0.39,0.0,0.7192265391349792,0.7886675000190735,0.21377652883529663,0.7704588174819946,0.25,0.0,0.6996679902076721,0.8101367354393005,0.21583344042301178,0.7891699075698853,3.7857086658477783,3.828540325164795,0.09178707003593445,0.07015709578990936,0.055137958377599716,0.028001146391034126,50
german,3,42,0.18999999999999997,0.03000000000000001,0.5794666409492493,0.8042134642601013,0.2250663936138153,0.7849202752113342,0.12,0.03000000000000001,0.5559961199760437,0.8220117092132568,0.22570984065532684,0.8123828172683716,3.7568519115448,3.875155448913574,0.08400359749794006,0.07506909221410751,0.045688021928071976,0.03227199986577034,50
german,3,73,0.21,0.0,0.5999680161476135,0.7656081318855286,0.18306370079517365,0.8003919720649719,0.17,0.0,0.5590527057647705,0.7857617139816284,0.21609985828399658,0.8324511647224426,3.7521471977233887,3.8772082328796387,0.07464287430047989,0.06511469930410385,0.04523037001490593,0.026748571544885635,50
german,3,37,0.15000000000000002,0.0,0.5609402060508728,0.8003937602043152,0.24430593848228455,0.7984673380851746,0.09,0.0,0.5594335794448853,0.8280078172683716,0.26640260219573975,0.8259472846984863,3.7523581981658936,3.8404831886291504,0.0550498440861702,0.07102106511592865,0.030354788526892662,0.03148932754993439,50
german,30,37,0.30000000000000004,0.0,0.7391194105148315,0.8112303018569946,0.17447428405284882,0.7810302972793579,0.19000000000000003,0.0,0.7187304496765137,0.8405175805091858,0.18680572509765625,0.8090381026268005,3.7406725883483887,3.7768828868865967,0.06853482127189636,0.06637546420097351,0.04238376021385193,0.026942642405629158,50
german,60,42,0.15000000000000002,0.0,0.561103880405426,0.7861921191215515,0.12248733639717102,0.8029569387435913,0.04000000000000002,0.0,0.4953027367591858,0.806689441204071,0.13026458024978638,0.8306543231010437,3.780075788497925,3.0246589183807373,0.10909531265497208,0.17195577919483185,0.0661037266254425,0.07862058281898499,50
german,60,73,0.05000000000000003,0.0,0.5518310070037842,0.7858496904373169,0.13524343073368073,0.7973471879959106,0.04000000000000002,0.0,0.5007373094558716,0.7986230254173279,0.12680092453956604,0.8237695097923279,3.7659618854522705,2.998465061187744,0.14437349140644073,0.18196596205234528,0.10922952741384506,0.11531972885131836,50
german,10,73,0.21,0.04000000000000002,0.7083371877670288,0.8125746846199036,0.20236217975616455,0.8031999468803406,0.13,0.0,0.698193371295929,0.8324804902076721,0.22125640511512756,0.8159472942352295,3.813011407852173,3.851463556289673,0.08320808410644531,0.06576094776391983,0.05554764345288277,0.02530927211046219,50
german,10,42,0.29000000000000004,0.02000000000000001,0.7086421251296997,0.8152948021888733,0.20361824333667755,0.7986311912536621,0.13,0.0,0.6894237995147705,0.8351171612739563,0.2204717993736267,0.8268749713897705,3.843080520629883,3.8487234115600586,0.07940494269132614,0.1004171296954155,0.03383742645382881,0.0429559089243412,50
dutch,10,37,0.29000000000000004,0.03000000000000001,0.711193323135376,0.7823637127876282,0.2754215598106384,0.7871068716049194,0.21999999999999997,0.0,0.6821386814117432,0.7998144626617432,0.28428953886032104,0.8005077838897705,3.790525436401367,3.7926392555236816,0.11970023065805435,0.14958396553993225,0.04611096903681755,0.05026859790086746,50
dutch,60,37,0.11,0.010000000000000009,0.5678815245628357,0.7999626994132996,0.21924293041229248,0.7854008674621582,0.0,0.0,0.49168944358825684,0.8116015791893005,0.18113556504249573,0.8076611161231995,3.791989326477051,2.9325084686279297,0.12780320644378662,0.2143191695213318,0.042855728417634964,0.08395905792713165,50
dutch,30,73,0.42000000000000004,0.0,0.7333933115005493,0.7694166302680969,0.27281129360198975,0.8137597441673279,0.30000000000000004,0.0,0.7019726634025574,0.783740222454071,0.2710278332233429,0.8190234303474426,3.7887988090515137,3.746438503265381,0.10001767426729202,0.12512272596359253,0.0309105534106493,0.038468070328235626,50
dutch,30,42,0.44999999999999996,0.0,0.7443792819976807,0.7615997195243835,0.2579740285873413,0.8003007769584656,0.27,0.0,0.7011523246765137,0.7837011814117432,0.24297241866588593,0.815869152545929,3.8005781173706055,3.817880153656006,0.11416450142860413,0.1386256366968155,0.03911830484867096,0.044352781027555466,50
dutch,3,42,0.21999999999999997,0.0,0.6260102391242981,0.7725641131401062,0.2668798863887787,0.8156810998916626,0.07000000000000003,0.0,0.5797460675239563,0.7929980754852295,0.29762208461761475,0.8296093940734863,3.729519844055176,3.8783156871795654,0.11846388131380081,0.11704199761152267,0.055975623428821564,0.03957916423678398,50
dutch,3,73,0.12,0.0,0.6351239681243896,0.7990201711654663,0.27446553111076355,0.8018931746482849,0.04000000000000002,0.0,0.5929540991783142,0.8063574433326721,0.2918945252895355,0.8137011528015137,3.736222743988037,3.853323459625244,0.10856333374977112,0.10981002449989319,0.04723751172423363,0.0349728986620903,50
dutch,3,37,0.29000000000000004,0.0,0.6170555949211121,0.7564045190811157,0.2572585940361023,0.8133209943771362,0.15000000000000002,0.0,0.5785205364227295,0.7756738066673279,0.2876306176185608,0.8234667778015137,3.7925336360931396,3.8731369972229004,0.16750043630599976,0.12976939976215363,0.0805821418762207,0.04167245328426361,50
dutch,30,37,0.4,0.0,0.763059139251709,0.787056028842926,0.2568938136100769,0.7923648953437805,0.30000000000000004,0.0,0.7180078029632568,0.802001953125,0.25499510765075684,0.8104101419448853,3.7637674808502197,3.8160524368286133,0.13411004841327667,0.10778741538524628,0.07851016521453857,0.03622313588857651,50
dutch,60,42,0.12,0.0,0.5806158185005188,0.7901453971862793,0.20813512802124023,0.8098755478858948,0.04000000000000002,0.0,0.513623058795929,0.7976660132408142,0.17913329601287842,0.8169043064117432,3.8197083473205566,2.922114610671997,0.13066761195659637,0.1728445589542389,0.06472636014223099,0.07048545777797699,50
dutch,60,73,0.07999999999999999,0.0,0.5550815463066101,0.788027822971344,0.22249479591846466,0.7926998734474182,0.02000000000000001,0.0,0.48665526509284973,0.8008886575698853,0.20382201671600342,0.8057714700698853,3.8146238327026367,2.9498181343078613,0.10794010758399963,0.18888486921787262,0.038428619503974915,0.07709815353155136,50
dutch,10,73,0.28,0.03000000000000001,0.7131752967834473,0.7902701497077942,0.26222527027130127,0.7964572906494141,0.14,0.0,0.6786864995956421,0.8090624809265137,0.2700219750404358,0.8114160299301147,3.7995245456695557,3.8355886936187744,0.1871873289346695,0.12926992774009705,0.11761705577373505,0.043024543672800064,50
dutch,10,42,0.21,0.04000000000000002,0.6952615976333618,0.7859146595001221,0.28107112646102905,0.7705378532409668,0.15000000000000002,0.0,0.6762353777885437,0.8031836152076721,0.2829000949859619,0.7798925638198853,3.7804455757141113,3.8150012493133545,0.11775847524404526,0.11502334475517273,0.05493680015206337,0.03578876703977585,50
